SIMULATION 1: 6 xApps, 10 Parameters, 4 KPIs

XAPP-PARAMETER CONTROL RANGES
xapp,parameter,range_min,range_max
x1,p9,84.46,128.57
x1,p3,170.23,283.32
x1,p8,213.01,468.65
x1,p4,103.06,296.65
x2,p2,62.48,410.08
x2,p10,154.02,321.6
x2,p5,209.77,275.83
x3,p5,189.01,281.49
x3,p9,105.07,116.08
x3,p4,191.18,240.39
x3,p2,141.18,411.01
x3,p7,264.21,463.66
x4,p6,139.52,217.39
x4,p3,107.37,274.03
x4,p5,57.8,459.63
x4,p4,102.96,260.06
x5,p1,144.46,208.63
x5,p6,137.26,185.6
x5,p3,101.38,269.94
x5,p2,212.04,373.55
x5,p7,96.1,496.7
x6,p2,198.95,288.99
x6,p7,255.59,395.5
x6,p5,93.21,426.05
x6,p3,53.87,278.69
x6,p6,61.54,154.06

PARAMETER-KPI INFLUENCE RANGES
parameter,p_range_min,p_range_max,kpi,k_min,k_max
p1,148.48,221.48,k4,20.99749926665449,133.52595372049961
p2,162.13,302.96,k3,18.813465675034653,55.297544339217
p3,191.23,282.49,k2,23.553060022584443,140.60402372306896
p3,181.98,291.92,k4,20.99749926665449,133.52595372049961
p4,139.47,302.74,k3,18.813465675034653,55.297544339217
p4,99.27,264.46,k1,33.51945121797871,211.51640233279403
p5,98.95,339.94,k2,23.553060022584443,140.60402372306896
p6,98.5,190.31,k3,18.813465675034653,55.297544339217
p6,59.14,227.2,k2,23.553060022584443,140.60402372306896
p7,98.77,375.07,k3,18.813465675034653,55.297544339217
p8,149.56,404.43,k3,18.813465675034653,55.297544339217
p8,86.59,284.06,k1,33.51945121797871,211.51640233279403
p9,78.58,116.5,k3,18.813465675034653,55.297544339217
p10,207.85,274.39,k4,20.99749926665449,133.52595372049961
p10,3.68,408.39,k3,18.813465675034653,55.297544339217

I_XP INCIDENCE MATRIX
,p1,p2,p3,p4,p5,p6,p7,p8,p9,p10
x1,0,0,1,1,0,0,0,1,1,0
x2,0,1,0,0,1,0,0,0,0,1
x3,0,1,0,1,1,0,1,0,1,0
x4,0,0,1,1,1,1,0,0,0,0
x5,1,1,1,0,0,1,1,0,0,0
x6,0,1,1,0,1,1,1,0,0,0

I_PK INCIDENCE MATRIX
,k1,k2,k3,k4
p1,0,0,0,1
p2,0,0,1,0
p3,0,1,0,1
p4,1,0,1,0
p5,0,1,0,0
p6,0,1,1,0
p7,0,0,1,0
p8,1,0,1,0
p9,0,0,1,0
p10,0,0,1,1

C_IK INTERACTION MATRIX (xApp-KPI)
,k1,k2,k3,k4
x1,2,1,3,1
x2,0,1,2,1
x3,1,1,4,0
x4,1,3,2,1
x5,0,2,3,2
x6,0,3,3,1

CONFLICT MATRIX FOR KPI k1
,x1,x3,x4
x1,-1,1,1
x3,1,-1,1
x4,1,1,-1

CONFLICT MATRIX FOR KPI k2
,x1,x2,x3,x4,x5,x6
x1,-1,0,0,1,1,1
x2,0,-1,1,1,0,1
x3,0,1,-1,1,0,1
x4,1,1,1,-1,2,3
x5,1,0,0,2,-1,2
x6,1,1,1,3,2,-1

CONFLICT MATRIX FOR KPI k3
,x1,x2,x3,x4,x5,x6
x1,-1,0,2,1,0,0
x2,0,-1,1,0,1,1
x3,2,1,-1,1,2,2
x4,1,0,1,-1,1,1
x5,0,1,2,1,-1,3
x6,0,1,2,1,3,-1

CONFLICT MATRIX FOR KPI k4
,x1,x2,x4,x5,x6
x1,-1,0,1,1,1
x2,0,-1,0,0,0
x4,1,0,-1,1,1
x5,1,0,1,-1,1
x6,1,0,1,1,-1
